model,accuracy,precision,recall,f1
BERT_comment_only,0.621301775147929,0.319672131147541,0.4642857142857143,0.3786407766990291
RoBERTa_comment_only,0.650887573964497,0.3152173913043478,0.3452380952380952,0.3295454545454545