model,accuracy,precision,recall,f1
RoBERTa_context+comment_context+comment,0.9266666666666666,0.8160919540229885,0.922077922077922,0.8658536585365854
